-- Arthub database dump
-- Generated: 2026-05-20 18:34:09 UTC
-- Engine: SQLite 3 exported to portable SQL

PRAGMA foreign_keys = OFF;
BEGIN TRANSACTION;

-- Table: artworks
DROP TABLE IF EXISTS "artworks";
CREATE TABLE "artworks" ("id" integer primary key autoincrement not null, "title" varchar not null, "artist_name" varchar not null, "price" numeric not null, "description" text not null, "image_url" varchar not null, "model_3d_url" varchar, "status" varchar not null default 'available', "created_at" datetime, "updated_at" datetime);

INSERT INTO "artworks" ("id", "title", "artist_name", "price", "description", "image_url", "model_3d_url", "status", "created_at", "updated_at") VALUES (1, 'Procesion del Senor de los Temblores', 'Mariano Fuentes Lira', 18500, 'Oleo sobre lienzo de gran formato que retrata la procesion central del Cusco con detalle minucioso en los mantos bordados y la arquitectura colonial de la Plaza de Armas. Obra de referencia del barroco andino del siglo XX.', 'https://images.unsplash.com/photo-1578926375605-eaf7559b1458?w=1200', NULL, 'available', '2026-05-20 15:11:18', '2026-05-20 16:26:15');
INSERT INTO "artworks" ("id", "title", "artist_name", "price", "description", "image_url", "model_3d_url", "status", "created_at", "updated_at") VALUES (2, 'Virgen del Carmen de Paucartambo', 'Edilberto Merida', 12750, 'Pieza de la escuela cusquena contemporanea inspirada en la festividad mariana de Paucartambo. Tecnica mixta con pan de oro y pigmentos minerales. Certificada por el Ministerio de Cultura del Peru.', 'https://images.unsplash.com/photo-1582555172866-f73bb12a2ab3?w=1200', 'https://modelviewer.dev/shared-assets/models/Astronaut.glb', 'available', '2026-05-20 15:11:18', '2026-05-20 16:26:15');
INSERT INTO "artworks" ("id", "title", "artist_name", "price", "description", "image_url", "model_3d_url", "status", "created_at", "updated_at") VALUES (3, 'Retablo de Ollantaytambo', 'Hilario Mendivil', 22300, 'Retablo en madera policromada que recrea escenas del Valle Sagrado y la cosmovision andina. Trabajo en yeso de papa con acabado en esmalte. Pieza unica de alto valor etnografico.', 'https://images.unsplash.com/photo-1577083552431-6e5fd01988ec?w=1200', NULL, 'available', '2026-05-20 15:11:18', '2026-05-20 16:26:15');
INSERT INTO "artworks" ("id", "title", "artist_name", "price", "description", "image_url", "model_3d_url", "status", "created_at", "updated_at") VALUES (4, 'Pachamama bajo la Cruz del Sur', 'Maximiliana Palomino', 9800, 'Tecnica mixta sobre tabla con pigmentos minerales del Valle. Sintesis entre lo prehispanico y lo barroco andino. La obra explora la dualidad cosmologica inca a traves de simbolos geometricos y figuras zoomorfas.', 'https://images.unsplash.com/photo-1549887534-1541e9326642?w=1200', NULL, 'available', '2026-05-20 15:11:18', '2026-05-20 16:26:15');
INSERT INTO "artworks" ("id", "title", "artist_name", "price", "description", "image_url", "model_3d_url", "status", "created_at", "updated_at") VALUES (5, 'Mercado de San Pedro', 'Antonio Olave', 7600, 'Escena costumbrista que documenta el comercio tradicional del Cusco a inicios del siglo XX.', 'https://images.unsplash.com/photo-1513519245088-0e12902e5a38?w=1200', NULL, 'available', '2026-05-20 15:11:18', '2026-05-20 15:11:18');
INSERT INTO "artworks" ("id", "title", "artist_name", "price", "description", "image_url", "model_3d_url", "status", "created_at", "updated_at") VALUES (6, 'Inti Raymi, ofrenda solar', 'Mariano Fuentes Lira', 31200, 'Pieza monumental 180x240 cm que captura la ceremonia del Inti Raymi en la Fortaleza de Sacsayhuaman con simbolismo incaico y pinceladas neobarrocas. Presentada en la Bienal de Arte Andino 2019.', 'https://images.unsplash.com/photo-1577720643272-265f09367456?w=1200', 'https://modelviewer.dev/shared-assets/models/Astronaut.glb', 'available', '2026-05-20 15:11:18', '2026-05-20 16:26:15');
INSERT INTO "artworks" ("id", "title", "artist_name", "price", "description", "image_url", "model_3d_url", "status", "created_at", "updated_at") VALUES (7, 'Choquequirao en la bruma', 'Edilberto Merida', 14400, 'Paisaje contemplativo del complejo arqueologico de Choquequirao visto desde el mirador de Capuliyoc. Oleo sobre tela de algodon andino con imprimatura ocre. Atmosfera niebla matinal capturada in situ.', 'https://images.unsplash.com/photo-1526481280699-c40e3d68fdf2?w=1200', NULL, 'available', '2026-05-20 15:11:18', '2026-05-20 16:26:15');
INSERT INTO "artworks" ("id", "title", "artist_name", "price", "description", "image_url", "model_3d_url", "status", "created_at", "updated_at") VALUES (8, 'Tejedoras de Chinchero', 'Maximiliana Palomino', 8900, 'Retrato colectivo de las maestras tejedoras de Chinchero, custodias del telar de cintura ancestral. Tecnica acuarela sobre papel Fabriano 300g con trazos en tinta ferrogalica.', 'https://images.unsplash.com/photo-1604079628040-94301bb21b91?w=1200', NULL, 'available', '2026-05-20 15:11:18', '2026-05-20 16:26:15');
INSERT INTO "artworks" ("id", "title", "artist_name", "price", "description", "image_url", "model_3d_url", "status", "created_at", "updated_at") VALUES (9, 'Mercado de San Pedro al amanecer', 'Antonio Olave Palomino', 7600, 'Escena costumbrista que documenta el comercio tradicional del Cusco a inicios del siglo XX. Oleo sobre tela con influencia de la pintura academica limena y la tradicion narrativa andina.', 'https://images.unsplash.com/photo-1513519245088-0e12902e5a38?w=1200', NULL, 'available', '2026-05-20 16:26:15', '2026-05-20 16:26:15');
INSERT INTO "artworks" ("id", "title", "artist_name", "price", "description", "image_url", "model_3d_url", "status", "created_at", "updated_at") VALUES (10, 'La Ultima Cena Andina', 'Marcos Zapata (replica documentada)', 45000, 'Replica documentada y certificada de la celebre obra de la Catedral del Cusco que muestra la Ultima Cena con elementos gastronomicos andinos. Ejecutada con criterios de alta fidelidad cromatica y compositiva.', 'https://images.unsplash.com/photo-1561214115-f2f134cc4912?w=1200', 'https://modelviewer.dev/shared-assets/models/Astronaut.glb', 'available', '2026-05-20 16:26:15', '2026-05-20 16:26:15');
INSERT INTO "artworks" ("id", "title", "artist_name", "price", "description", "image_url", "model_3d_url", "status", "created_at", "updated_at") VALUES (11, 'Nevado Ausangate en verano', 'Victor Delfin Quiroga', 16800, 'Vista del Ausangate a 6384 metros durante el solsticio de diciembre. Pintura al oleo con espátula sobre tela gruesa. Paleta fria y luminosa que evoca la experiencia mistica del Qoyllur Riti.', 'https://images.unsplash.com/photo-1464822759023-fed622ff2c3b?w=1200', NULL, 'available', '2026-05-20 16:26:15', '2026-05-20 16:26:15');
INSERT INTO "artworks" ("id", "title", "artist_name", "price", "description", "image_url", "model_3d_url", "status", "created_at", "updated_at") VALUES (12, 'Danzantes de Tijeras', 'Joaquin Lopez Antay', 11200, 'Representacion de los danzantes de tijeras de Ayacucho en plena competencia ritual. Obra en acrilico sobre tela con superposicion de capas veladas. Patrimonio Cultural de la Nacion declarado por la UNESCO.', 'https://images.unsplash.com/photo-1547036967-23d11aacaee0?w=1200', NULL, 'available', '2026-05-20 16:26:15', '2026-05-20 16:26:15');
INSERT INTO "artworks" ("id", "title", "artist_name", "price", "description", "image_url", "model_3d_url", "status", "created_at", "updated_at") VALUES (13, 'Quechua madre e hijo', 'Hilario Mendivil', 19500, 'Escultura en yeso de papa pintada al frio que representa la iconografia maternal andina. Serie Nacimiento del mundo, pieza central. Cuello elongado caracteristico de la escuela mendivil reconocida internacionalmente.', 'https://images.unsplash.com/photo-1555685812-4b943f1cb0eb?w=1200', 'https://modelviewer.dev/shared-assets/models/Astronaut.glb', 'available', '2026-05-20 16:26:15', '2026-05-20 16:26:15');
INSERT INTO "artworks" ("id", "title", "artist_name", "price", "description", "image_url", "model_3d_url", "status", "created_at", "updated_at") VALUES (14, 'Plaza Mayor del Cusco 1890', 'Juan de Espinosa Medrano (atribuida)', 52000, 'Obra atribuida documentalmente al periodo colonial tardio. Vista panoramica de la Plaza Mayor del Cusco con fuente central y calesas. Oleo sobre lienzo encolado en tabla de cedro andino.', 'https://images.unsplash.com/photo-1558618666-fcd25c85cd64?w=1200', NULL, 'available', '2026-05-20 16:26:15', '2026-05-20 16:26:15');
INSERT INTO "artworks" ("id", "title", "artist_name", "price", "description", "image_url", "model_3d_url", "status", "created_at", "updated_at") VALUES (15, 'Chakana cosmica', 'Maximiliana Palomino', 6400, 'Serie geometrica sobre la cruz andina como eje del universo. Tecnica mixta, oro fino y arcilla cocida sobre panel de madera. Pieza de coleccion de formato reducido 40x40 cm.', 'https://images.unsplash.com/photo-1541701494587-cb58502866ab?w=1200', NULL, 'available', '2026-05-20 16:26:15', '2026-05-20 16:26:15');
INSERT INTO "artworks" ("id", "title", "artist_name", "price", "description", "image_url", "model_3d_url", "status", "created_at", "updated_at") VALUES (16, 'Rio Urubamba en agosto', 'Victor Delfin Quiroga', 13300, 'Vista del Rio Urubamba a su paso por el Valle Sagrado en epoca de estiaje. Impresionismo andino con influencia de la escuela de Barbizon. Colores ocres y verdes que evocan la temporada seca del altiplano.', 'https://images.unsplash.com/photo-1506905925346-21bda4d32df4?w=1200', NULL, 'sold', '2026-05-20 16:26:15', '2026-05-20 16:26:15');

-- Table: cache
DROP TABLE IF EXISTS "cache";
CREATE TABLE "cache" ("key" varchar not null, "value" text not null, "expiration" integer not null, primary key ("key"));

-- Table: cache_locks
DROP TABLE IF EXISTS "cache_locks";
CREATE TABLE "cache_locks" ("key" varchar not null, "owner" varchar not null, "expiration" integer not null, primary key ("key"));

-- Table: certificates
DROP TABLE IF EXISTS "certificates";
CREATE TABLE "certificates" ("id" integer primary key autoincrement not null, "artwork_id" integer not null, "biometric_hash" varchar not null, "match_percentage" numeric not null, "blockchain_tx_id" varchar, "contract_address" varchar, "created_at" datetime, "updated_at" datetime, foreign key("artwork_id") references "artworks"("id") on delete cascade);

INSERT INTO "certificates" ("id", "artwork_id", "biometric_hash", "match_percentage", "blockchain_tx_id", "contract_address", "created_at", "updated_at") VALUES (1, 1, '7c5fdaa3209bc97fc36927114cbe1bd4c58d9eb8806a277d3fafd5d708ba982a', 98.42, '0x663f89643e76bb36e2834602b44cce2f9e14bf72bfa6187ccb4f34ace76b62fe', '0x4d916276999f85159884d8733ff7205b1a8d8ec5', '2026-05-20 15:11:18', '2026-05-20 16:26:15');
INSERT INTO "certificates" ("id", "artwork_id", "biometric_hash", "match_percentage", "blockchain_tx_id", "contract_address", "created_at", "updated_at") VALUES (2, 2, '2b5b32d0108c9b742633f3ab49d42847371b10affea386a6651e637694ee6330', 96.1, '0xca3fe065fda9a4d1b2e85f2f709aeccdc17e882b2507dbf53d52f22d21b37939', '0xb3409293bba417dec4169a396110684209d549a7', '2026-05-20 15:11:18', '2026-05-20 16:26:15');
INSERT INTO "certificates" ("id", "artwork_id", "biometric_hash", "match_percentage", "blockchain_tx_id", "contract_address", "created_at", "updated_at") VALUES (3, 3, '0d2c0750dff1be19baed90a9c4320fe12ab239e8d5af5e39c2369fdb3297238f', 99.05, '0xc4c57b026c272a95911a55cdd88ce3f3b7ff8c52cae69c193860b46d763f7af3', '0xe5afdb1c47396e47fe02a6e21b7a374fba1ec070', '2026-05-20 15:11:18', '2026-05-20 16:26:15');
INSERT INTO "certificates" ("id", "artwork_id", "biometric_hash", "match_percentage", "blockchain_tx_id", "contract_address", "created_at", "updated_at") VALUES (4, 4, '5a8b0d596582ccbc224eb1e82a73e0e6ecac471eb1ea6527dec84243ba2e8fea', 94.78, NULL, NULL, '2026-05-20 15:11:18', '2026-05-20 16:26:15');
INSERT INTO "certificates" ("id", "artwork_id", "biometric_hash", "match_percentage", "blockchain_tx_id", "contract_address", "created_at", "updated_at") VALUES (5, 5, 'c5f760c5d08361f1046956f4d30baa3ea092b350c83e70f1bc655f26251c1630', 92.3, NULL, NULL, '2026-05-20 15:11:18', '2026-05-20 15:11:18');
INSERT INTO "certificates" ("id", "artwork_id", "biometric_hash", "match_percentage", "blockchain_tx_id", "contract_address", "created_at", "updated_at") VALUES (6, 6, '99e870e89f2efe017723f7929acec4e236366b003c81e857a3b8a3999b7d5e75', 97.65, '0x3a663ce5e81de93385e98e2ef830ac1e1a380ec37bc1afa7eba85ea63930e705', '0xcda376334b2d1be21f8ea966c2d58d6f7ac01e56', '2026-05-20 15:11:18', '2026-05-20 16:26:15');
INSERT INTO "certificates" ("id", "artwork_id", "biometric_hash", "match_percentage", "blockchain_tx_id", "contract_address", "created_at", "updated_at") VALUES (7, 7, '6f92ca90ed3512da71d9f9f959262f5f8277b96816b94ec6e55ceca22b8d3293', 95.2, NULL, NULL, '2026-05-20 15:11:18', '2026-05-20 16:26:15');
INSERT INTO "certificates" ("id", "artwork_id", "biometric_hash", "match_percentage", "blockchain_tx_id", "contract_address", "created_at", "updated_at") VALUES (8, 8, '83cbd8a775acc464c9780bd2882a5a2af1aa36f5d827707036f9c450da6e4cec', 93.55, NULL, NULL, '2026-05-20 15:11:18', '2026-05-20 15:11:18');
INSERT INTO "certificates" ("id", "artwork_id", "biometric_hash", "match_percentage", "blockchain_tx_id", "contract_address", "created_at", "updated_at") VALUES (9, 9, '1a62cfd9b6c520296c29605b6324f185b56367d4264398ee7bd5b03072c9a3f0', 92.3, NULL, NULL, '2026-05-20 16:26:15', '2026-05-20 16:26:15');
INSERT INTO "certificates" ("id", "artwork_id", "biometric_hash", "match_percentage", "blockchain_tx_id", "contract_address", "created_at", "updated_at") VALUES (10, 10, '22d0f5d3df3bf8b2c66745c780a143516b031b6c0c68f6f45ed14d8e21a0de08', 99.87, '0x8903e92a14a866103930cdc5b5f07c543eec3d08b8b3a7d1a852284f3443049b', '0x58e4469e452ec3e9dcc075cf1792f20a254467d1', '2026-05-20 16:26:15', '2026-05-20 16:26:15');
INSERT INTO "certificates" ("id", "artwork_id", "biometric_hash", "match_percentage", "blockchain_tx_id", "contract_address", "created_at", "updated_at") VALUES (11, 11, '11f0295b49469b073f101bca39841ebd7031843986512ff1a058e5c5da8ae43c', 91.4, NULL, NULL, '2026-05-20 16:26:15', '2026-05-20 16:26:15');
INSERT INTO "certificates" ("id", "artwork_id", "biometric_hash", "match_percentage", "blockchain_tx_id", "contract_address", "created_at", "updated_at") VALUES (12, 12, '56c095879ff683482178d2e51175ccad80c0f949279405fe808379f1c85c0554', 96.88, '0xb83af0ab03c06479e7485bd94d1ee4dd7bd3375e890c60b0149ec4635c8dc96c', '0x829d65b002dee0ab9094788d0942c84cdacf87be', '2026-05-20 16:26:15', '2026-05-20 16:26:15');
INSERT INTO "certificates" ("id", "artwork_id", "biometric_hash", "match_percentage", "blockchain_tx_id", "contract_address", "created_at", "updated_at") VALUES (13, 13, 'e1cea295fb6eb7030f894d35296e72e3d56d37ed01a3155dd95ea519b030cd1a', 98.1, '0xab32f876837cda0add1f0bb52a91f3fb7c036e999437f9eb4570a6e11b679757', '0x3a70e542695f3e3f5b2df958bac5411c0872755c', '2026-05-20 16:26:15', '2026-05-20 16:26:15');
INSERT INTO "certificates" ("id", "artwork_id", "biometric_hash", "match_percentage", "blockchain_tx_id", "contract_address", "created_at", "updated_at") VALUES (14, 14, '46756944bd64c4b230e657eb433185bed0ebed2a96a905e73bde8f1b55c95487', 97.33, '0x9aca1b490ca0ea8bd13327b68fb428d8b54210708db743b0fa1ddb9290ae9ee1', '0xe904c76bcbde2e095ba0e06d30b7ef46b78601d2', '2026-05-20 16:26:15', '2026-05-20 16:26:15');
INSERT INTO "certificates" ("id", "artwork_id", "biometric_hash", "match_percentage", "blockchain_tx_id", "contract_address", "created_at", "updated_at") VALUES (15, 15, 'ab0c4bd919908c7df3698d21ce53e135c3e03d9e390295af7324a0a216e97b67', 89.75, NULL, NULL, '2026-05-20 16:26:15', '2026-05-20 16:26:15');
INSERT INTO "certificates" ("id", "artwork_id", "biometric_hash", "match_percentage", "blockchain_tx_id", "contract_address", "created_at", "updated_at") VALUES (16, 16, '1e98805e6232906cf37ae5acaf850beb5e3a5050dd6123588e486b5a94f64636', 95.6, '0x1dfb63d0a1b1de28d38ac6e03b66f867634cbb2d3c3a56dac9f586466930f0a6', '0x5b8d1a45f037671b60d24a8079d8144925caed5b', '2026-05-20 16:26:15', '2026-05-20 16:26:15');

-- Table: failed_jobs
DROP TABLE IF EXISTS "failed_jobs";
CREATE TABLE "failed_jobs" ("id" integer primary key autoincrement not null, "uuid" varchar not null, "connection" text not null, "queue" text not null, "payload" text not null, "exception" text not null, "failed_at" datetime not null default CURRENT_TIMESTAMP);

-- Table: job_batches
DROP TABLE IF EXISTS "job_batches";
CREATE TABLE "job_batches" ("id" varchar not null, "name" varchar not null, "total_jobs" integer not null, "pending_jobs" integer not null, "failed_jobs" integer not null, "failed_job_ids" text not null, "options" text, "cancelled_at" integer, "created_at" integer not null, "finished_at" integer, primary key ("id"));

-- Table: jobs
DROP TABLE IF EXISTS "jobs";
CREATE TABLE "jobs" ("id" integer primary key autoincrement not null, "queue" varchar not null, "payload" text not null, "attempts" integer not null, "reserved_at" integer, "available_at" integer not null, "created_at" integer not null);

-- Table: migrations
DROP TABLE IF EXISTS "migrations";
CREATE TABLE "migrations" ("id" integer primary key autoincrement not null, "migration" varchar not null, "batch" integer not null);

INSERT INTO "migrations" ("id", "migration", "batch") VALUES (1, '0001_01_01_000000_create_users_table', 1);
INSERT INTO "migrations" ("id", "migration", "batch") VALUES (2, '0001_01_01_000001_create_cache_table', 1);
INSERT INTO "migrations" ("id", "migration", "batch") VALUES (3, '0001_01_01_000002_create_jobs_table', 1);
INSERT INTO "migrations" ("id", "migration", "batch") VALUES (4, '2026_05_19_000001_create_artworks_table', 1);
INSERT INTO "migrations" ("id", "migration", "batch") VALUES (5, '2026_05_19_000002_create_certificates_table', 1);
INSERT INTO "migrations" ("id", "migration", "batch") VALUES (6, '2026_05_19_211317_create_personal_access_tokens_table', 1);

-- Table: password_reset_tokens
DROP TABLE IF EXISTS "password_reset_tokens";
CREATE TABLE "password_reset_tokens" ("email" varchar not null, "token" varchar not null, "created_at" datetime, primary key ("email"));

-- Table: personal_access_tokens
DROP TABLE IF EXISTS "personal_access_tokens";
CREATE TABLE "personal_access_tokens" ("id" integer primary key autoincrement not null, "tokenable_type" varchar not null, "tokenable_id" integer not null, "name" text not null, "token" varchar not null, "abilities" text, "last_used_at" datetime, "expires_at" datetime, "created_at" datetime, "updated_at" datetime);

INSERT INTO "personal_access_tokens" ("id", "tokenable_type", "tokenable_id", "name", "token", "abilities", "last_used_at", "expires_at", "created_at", "updated_at") VALUES (1, 'App\Models\User', 1, 'auth-token', '424c190e603fbad360606b5b60f57432e015486e0a84983c950782c0033d1f68', '["*"]', NULL, NULL, '2026-05-20 15:06:20', '2026-05-20 15:06:20');
INSERT INTO "personal_access_tokens" ("id", "tokenable_type", "tokenable_id", "name", "token", "abilities", "last_used_at", "expires_at", "created_at", "updated_at") VALUES (4, 'App\Models\User', 3, 'auth-token', '03ef556129216d79a5b8500cc17dd7ceec522fbaf48b5c2a3ea4b8bdd8dd90d4', '["*"]', '2026-05-20 15:13:28', NULL, '2026-05-20 15:13:28', '2026-05-20 15:13:28');
INSERT INTO "personal_access_tokens" ("id", "tokenable_type", "tokenable_id", "name", "token", "abilities", "last_used_at", "expires_at", "created_at", "updated_at") VALUES (6, 'App\Models\User', 3, 'auth-token', '43e93a530aad7842e38c5d786e5acde3e2238a2889b9e8b6c3772086862dc3df', '["*"]', '2026-05-20 16:13:01', NULL, '2026-05-20 16:13:01', '2026-05-20 16:13:01');
INSERT INTO "personal_access_tokens" ("id", "tokenable_type", "tokenable_id", "name", "token", "abilities", "last_used_at", "expires_at", "created_at", "updated_at") VALUES (7, 'App\Models\User', 3, 'auth-token', '26a69085c10328ec47b5df2c55838564a114bca7ffb36d10f676fd22a4ddcd53', '["*"]', '2026-05-20 16:13:13', NULL, '2026-05-20 16:13:13', '2026-05-20 16:13:13');
INSERT INTO "personal_access_tokens" ("id", "tokenable_type", "tokenable_id", "name", "token", "abilities", "last_used_at", "expires_at", "created_at", "updated_at") VALUES (8, 'App\Models\User', 3, 'auth-token', '30a54bf1aca9e799a73f5fa1afc64da12ae4dbf6adfdc5965d24b0c2c023965a', '["*"]', NULL, NULL, '2026-05-20 16:17:49', '2026-05-20 16:17:49');
INSERT INTO "personal_access_tokens" ("id", "tokenable_type", "tokenable_id", "name", "token", "abilities", "last_used_at", "expires_at", "created_at", "updated_at") VALUES (9, 'App\Models\User', 3, 'auth-token', 'caa2436cc017582557ca07449df574e1e37dd691fbb7667aec6b9ff75c2d3a71', '["*"]', NULL, NULL, '2026-05-20 16:19:21', '2026-05-20 16:19:21');
INSERT INTO "personal_access_tokens" ("id", "tokenable_type", "tokenable_id", "name", "token", "abilities", "last_used_at", "expires_at", "created_at", "updated_at") VALUES (10, 'App\Models\User', 3, 'auth-token', 'b0d9ee61af0be61048abe922d830350ceb29010b7d2fc47e157be6cd700f65a1', '["*"]', NULL, NULL, '2026-05-20 16:19:53', '2026-05-20 16:19:53');
INSERT INTO "personal_access_tokens" ("id", "tokenable_type", "tokenable_id", "name", "token", "abilities", "last_used_at", "expires_at", "created_at", "updated_at") VALUES (11, 'App\Models\User', 4, 'auth-token', '5f287531917e8e12f24dc57a0b8a6107757e0f33fd1ad4fc399584b5eda28a24', '["*"]', NULL, NULL, '2026-05-20 16:19:54', '2026-05-20 16:19:54');
INSERT INTO "personal_access_tokens" ("id", "tokenable_type", "tokenable_id", "name", "token", "abilities", "last_used_at", "expires_at", "created_at", "updated_at") VALUES (12, 'App\Models\User', 2, 'auth-token', '098a0a47325784fe06cb688a5fcb0af55c4b537fcb3e69b3cc7ddf1ac2e98909', '["*"]', NULL, NULL, '2026-05-20 16:19:54', '2026-05-20 16:19:54');
INSERT INTO "personal_access_tokens" ("id", "tokenable_type", "tokenable_id", "name", "token", "abilities", "last_used_at", "expires_at", "created_at", "updated_at") VALUES (13, 'App\Models\User', 3, 'auth-token', 'fbc6069585c0220ecb2a0a55b3d6ef4f2cc5c86a338e7a4773de7f81b1315fa1', '["*"]', '2026-05-20 16:22:24', NULL, '2026-05-20 16:22:23', '2026-05-20 16:22:24');

-- Table: sessions
DROP TABLE IF EXISTS "sessions";
CREATE TABLE "sessions" ("id" varchar not null, "user_id" integer, "ip_address" varchar, "user_agent" text, "payload" text not null, "last_activity" integer not null, primary key ("id"));

INSERT INTO "sessions" ("id", "user_id", "ip_address", "user_agent", "payload", "last_activity") VALUES ('cnSVRMcjgjXrLpfIaMwvcPeIHbnuNhJI9ilamjkQ', NULL, '127.0.0.1', 'Mozilla/5.0 (Windows NT 10.0; Win64; x64) AppleWebKit/537.36 (KHTML, like Gecko) Chrome/148.0.0.0 Safari/537.36 Edg/148.0.0.0', 'YTozOntzOjY6Il90b2tlbiI7czo0MDoibmhXWHlHZDlFdjFVWW45T0ZLaTBucFBIeGxXbU9TaHZraWlKZGxURSI7czo5OiJfcHJldmlvdXMiO2E6MTp7czozOiJ1cmwiO3M6MjE6Imh0dHA6Ly8xMjcuMC4wLjE6ODAwMCI7fXM6NjoiX2ZsYXNoIjthOjI6e3M6Mzoib2xkIjthOjA6e31zOjM6Im5ldyI7YTowOnt9fX0=', 1779225743);
INSERT INTO "sessions" ("id", "user_id", "ip_address", "user_agent", "payload", "last_activity") VALUES ('naRqigm6cQkbh1zQAg49UGEX74hN6wrM6QoREKav', NULL, '127.0.0.1', 'Mozilla/5.0 (Windows NT 10.0; Win64; x64) AppleWebKit/537.36 (KHTML, like Gecko) Code/1.120.0 Chrome/142.0.7444.265 Electron/39.8.8 Safari/537.36', 'YTozOntzOjY6Il90b2tlbiI7czo0MDoiNkhoRnd6WWVRckxnNFhieDNrTUpXclc0NGpDU2c3d1hRd3lLaHBDWCI7czo5OiJfcHJldmlvdXMiO2E6MTp7czozOiJ1cmwiO3M6MjE6Imh0dHA6Ly8xMjcuMC4wLjE6ODAwMCI7fXM6NjoiX2ZsYXNoIjthOjI6e3M6Mzoib2xkIjthOjA6e31zOjM6Im5ldyI7YTowOnt9fX0=', 1779225828);
INSERT INTO "sessions" ("id", "user_id", "ip_address", "user_agent", "payload", "last_activity") VALUES ('vK14mxiAJxk5ubStl79Lm0HSLkDdnEjtCcyCizoS', NULL, '127.0.0.1', 'Mozilla/5.0 (Windows NT 10.0; Win64; x64) AppleWebKit/537.36 (KHTML, like Gecko) Chrome/148.0.0.0 Safari/537.36 Edg/148.0.0.0', 'YTozOntzOjY6Il90b2tlbiI7czo0MDoiM0RhWU1RaVN1c0RtU2xnS2tOWEJrdmdzdVZzRE11SGd6NDd5OE9lcCI7czo5OiJfcHJldmlvdXMiO2E6MTp7czozOiJ1cmwiO3M6MjE6Imh0dHA6Ly8xMjcuMC4wLjE6ODAwMSI7fXM6NjoiX2ZsYXNoIjthOjI6e3M6Mzoib2xkIjthOjA6e31zOjM6Im5ldyI7YTowOnt9fX0=', 1779289353);

-- Table: users
DROP TABLE IF EXISTS "users";
CREATE TABLE "users" ("id" integer primary key autoincrement not null, "name" varchar not null, "email" varchar not null, "email_verified_at" datetime, "password" varchar not null, "role" varchar not null default 'investor', "wallet_address" varchar, "remember_token" varchar, "created_at" datetime, "updated_at" datetime);

INSERT INTO "users" ("id", "name", "email", "email_verified_at", "password", "role", "wallet_address", "remember_token", "created_at", "updated_at") VALUES (1, 'Demo', 'demo@arthub.test', NULL, '$2y$12$q3ifNNLruyhYyGXRgJ1m4.1jIbefPzqwL9858sC7Bqmaql1Cn1TcS', 'investor', NULL, NULL, '2026-05-20 15:06:20', '2026-05-20 16:19:45');
INSERT INTO "users" ("id", "name", "email", "email_verified_at", "password", "role", "wallet_address", "remember_token", "created_at", "updated_at") VALUES (2, 'Jaime Antonio Rodriguez Phillco', 'jrodriguezphillco@gmail.com', NULL, '$2y$12$3Lg174EYOz0Nr21TLON.m.3ba8NHTAeTBQHqHF0YJvdWUfzwXp8.q', 'investor', NULL, NULL, '2026-05-20 15:07:49', '2026-05-20 16:19:32');
INSERT INTO "users" ("id", "name", "email", "email_verified_at", "password", "role", "wallet_address", "remember_token", "created_at", "updated_at") VALUES (3, 'Administrador Arthub', 'admin@arthub.pe', NULL, '$2y$12$HbuPLRZC0FTwspyLxdLGTuLMCQgwg4j0wtvqiEJxCEWt6EvWICAA2', 'admin', NULL, NULL, '2026-05-20 15:11:18', '2026-05-20 16:26:15');
INSERT INTO "users" ("id", "name", "email", "email_verified_at", "password", "role", "wallet_address", "remember_token", "created_at", "updated_at") VALUES (4, 'Carla Inversionista', 'investor@arthub.pe', NULL, '$2y$12$Pky1Pr/KY5VcCLnC.X4bjOZF/3bUohu/Gv0NQso8/SsK5z7O62J5e', 'investor', '0x9C2A8F77D1B4E5A60F2c2A1B7CB6A0BD13E4F112', NULL, '2026-05-20 15:11:18', '2026-05-20 16:19:13');
INSERT INTO "users" ("id", "name", "email", "email_verified_at", "password", "role", "wallet_address", "remember_token", "created_at", "updated_at") VALUES (5, 'Mateo Coleccionista', 'collector@arthub.pe', NULL, '$2y$12$hr9a/D2KKXgSqFgKAtY5bOuATQF2R7DVTs7Y3Ncn0ADWkMCv7F5B.', 'investor', '0x7F11C3B92E9AE5631F8C0D5b81e7d442Aa12B0Ee', NULL, '2026-05-20 15:11:18', '2026-05-20 16:19:14');
INSERT INTO "users" ("id", "name", "email", "email_verified_at", "password", "role", "wallet_address", "remember_token", "created_at", "updated_at") VALUES (6, 'Carla Montoya Quispe', 'carla.montoya@arthub.pe', NULL, '$2y$12$2NmdcIbJehoCP.WBbfs0C.2Zfqxr53jUNG63LPtbpklpjreOcaboa', 'investor', '0x9C2A8F77D1B4E5A60F2c2A1B7CB6A0BD13E4F112', NULL, '2026-05-20 16:26:15', '2026-05-20 16:26:15');
INSERT INTO "users" ("id", "name", "email", "email_verified_at", "password", "role", "wallet_address", "remember_token", "created_at", "updated_at") VALUES (7, 'Mateo Coleccionista', 'mateo@arthub.pe', NULL, '$2y$12$y5YiTzQs./7oOg.202/0DeZoxmvDfG6sBwVZlF/75nQMKnS3f905S', 'investor', '0x7F11C3B92E9AE5631F8C0D5b81e7d442Aa12B0Ee', NULL, '2026-05-20 16:26:15', '2026-05-20 16:26:15');
INSERT INTO "users" ("id", "name", "email", "email_verified_at", "password", "role", "wallet_address", "remember_token", "created_at", "updated_at") VALUES (8, 'Sofia Bergmann', 'sofia.bergmann@gallery-zurich.ch', NULL, '$2y$12$dO9NZa5Okqyf17buGrIDCeyppsgGk7by48998V/xH08yqIfi94T/2', 'investor', '0xA4c0D17F8bE2931C05Ab77d5E3c0B4A18FF92D3c', NULL, '2026-05-20 16:26:15', '2026-05-20 16:26:15');
INSERT INTO "users" ("id", "name", "email", "email_verified_at", "password", "role", "wallet_address", "remember_token", "created_at", "updated_at") VALUES (9, 'Alejandro Ruiz Vargas', 'alejandro.ruiz@fondo-capital.mx', NULL, '$2y$12$bc5kEjymLp2jPDE1HbCK7OTsjnzsPzWRHrDqK75h/2GxnNPxVMOJG', 'investor', '0xB81e7D3c2F44A0c55E9CB6A17D8F20B3C4E5F6A7', NULL, '2026-05-20 16:26:15', '2026-05-20 16:26:15');
INSERT INTO "users" ("id", "name", "email", "email_verified_at", "password", "role", "wallet_address", "remember_token", "created_at", "updated_at") VALUES (10, 'Priya Nair', 'priya.nair@artfund-singapore.sg', NULL, '$2y$12$cN6B6/p9YiUzg.Hd7Waalep6CBtifZjRIv1LalRcLUErD5jh75r/6', 'investor', '0xC92bA4E31D7F5B6C8E0A9B2C3D4E5F6A7B8C9D0E', NULL, '2026-05-20 16:26:15', '2026-05-20 16:26:15');
INSERT INTO "users" ("id", "name", "email", "email_verified_at", "password", "role", "wallet_address", "remember_token", "created_at", "updated_at") VALUES (11, 'Thomas Leclerc', 'thomas.leclerc@patrimoine-paris.fr', NULL, '$2y$12$ZN524JIENATI70MMVRvumOdiFvpaWJXlwLg2VxoC2k3zI25iU8nf6', 'investor', '0xD03cB5F42E8A7C9D0E1F2A3B4C5D6E7F8A9B0C1D', NULL, '2026-05-20 16:26:15', '2026-05-20 16:26:15');
INSERT INTO "users" ("id", "name", "email", "email_verified_at", "password", "role", "wallet_address", "remember_token", "created_at", "updated_at") VALUES (12, 'Isabella Ferretti', 'i.ferretti@collezioni-roma.it', NULL, '$2y$12$jNZnIUcdYlX5nN2oTKTjPeRE45/KDPdiWyGoCBXsZBtMlN4Ll.ZL.', 'investor', NULL, NULL, '2026-05-20 16:26:15', '2026-05-20 16:26:15');
INSERT INTO "users" ("id", "name", "email", "email_verified_at", "password", "role", "wallet_address", "remember_token", "created_at", "updated_at") VALUES (13, 'James Whitmore', 'j.whitmore@miami-arts.us', NULL, '$2y$12$BC727K0I2CWHmdjhGYJbreDvV8QkdK75.egdTzAs8EuILHLFQ8IAy', 'investor', '0xE14dC6A53F9B8D0E2F3A4B5C6D7E8F9A0B1C2D3E', NULL, '2026-05-20 16:26:15', '2026-05-20 16:26:15');
INSERT INTO "users" ("id", "name", "email", "email_verified_at", "password", "role", "wallet_address", "remember_token", "created_at", "updated_at") VALUES (14, 'Lin Wei', 'lin.wei@artventure-hk.com', NULL, '$2y$12$J8oCn/dJEKkP/uDg5qHU9uE0rVxpQoip8NlcRahiYZwiI2/P.OjSy', 'investor', '0xF25eD7B64A0C9E1F3A4B5C6D7E8F9A0B1C2D3E4F', NULL, '2026-05-20 16:26:15', '2026-05-20 16:26:15');

CREATE UNIQUE INDEX "failed_jobs_uuid_unique" on "failed_jobs" ("uuid");
CREATE INDEX "jobs_queue_index" on "jobs" ("queue");
CREATE INDEX "personal_access_tokens_expires_at_index" on "personal_access_tokens" ("expires_at");
CREATE UNIQUE INDEX "personal_access_tokens_token_unique" on "personal_access_tokens" ("token");
CREATE INDEX "personal_access_tokens_tokenable_type_tokenable_id_index" on "personal_access_tokens" ("tokenable_type", "tokenable_id");
CREATE INDEX "sessions_last_activity_index" on "sessions" ("last_activity");
CREATE INDEX "sessions_user_id_index" on "sessions" ("user_id");
CREATE UNIQUE INDEX "users_email_unique" on "users" ("email");

COMMIT;
PRAGMA foreign_keys = ON;